11;T>C;2;CTT;CTC;L;L;Syn;yes
12;T>C;3;TTA;CTA;L;L;Syn;no
35;A>G;1;CAA;CAG;Q;Q;Syn;no
62;A>G;1;ATA;ATG;M;M;Syn;no
101;G>A;1;GTG;GTA;V;V;Syn;yes
107;C>T;1;CAC;CAT;H;H;Syn;no
122;A>G;3;GTA;GTG;V;V;Syn;yes
125;T>C;1;AAT;AAC;N;N;Syn;no
128;C>T;1;TAC;TAT;Y;Y;Syn;no
131;G>A;39;GGG;GGA;G;G;Syn;yes
131;G>C;2;GGG;GGC;G;G;Syn;yes
134;A>G;1;TGA;TGG;W;W;Syn;no
137;T>A;4;CTT;CTA;L;L;Syn;yes
140;C>G;1;ATC;ATG;I;M;NonSyn;no
143;A>G;2;CGA;CGG;R;R;Syn;yes
146;T>C;1;AAT;AAC;N;N;Syn;no
149;G>A;9;ATG;ATA;M;M;Syn;no
155;A>G;3;GCA;GCG;A;A;Syn;yes
161;A>G;1;GGA;GGG;G;G;Syn;yes
164;C>A;1;GCC;GCA;A;A;Syn;yes
167;A>G;3;TCA;TCG;S;S;Syn;yes
173;T>C;4;TTT;TTC;F;F;Syn;no
176;C>T;5;TTC;TTT;F;F;Syn;no
185;T>C;1;ATT;ATC;I;I;Syn;no
188;T>C;1;TAT;TAC;Y;Y;Syn;no
189;G>A;1;GCA;ACA;A;T;NonSyn;no
194;C>T;1;CAC;CAT;H;H;Syn;no
197;T>C;3;ATT;ATC;I;I;Syn;no
200;T>C;1;GCT;GCC;A;A;Syn;yes
203;G>A;16;CGG;CGA;R;R;Syn;yes
203;G>C;2;CGG;CGC;R;R;Syn;yes
209;G>A;43;CTG;CTA;L;L;Syn;yes
215;C>T;1;TAC;TAT;Y;Y;Syn;no
230;C>T;2;TAC;TAT;Y;Y;Syn;no
233;A>G;2;ATA;ATG;M;M;Syn;no
236;A>G;6;GAA;GAG;E;E;Syn;no
242;A>G;4;TGA;TGG;W;W;Syn;no
248;C>T;3;ATC;ATT;I;I;Syn;no
254;A>G;5;GTA;GTG;V;V;Syn;yes
257;A>T;4;GTA;GTT;V;V;Syn;yes
257;A>G;1;GTA;GTG;V;V;Syn;yes
258;C>T;1;CTA;TTA;L;L;Syn;yes
263;T>C;3;CTT;CTC;L;L;Syn;yes
269;A>G;3;TTA;TTG;L;L;Syn;no
272;T>A;1;GTT;GTA;V;V;Syn;yes
272;T>C;2;GTT;GTC;V;V;Syn;yes
275;G>A;4;ATG;ATA;M;M;Syn;no
278;G>A;4;ATG;ATA;M;M;Syn;no
281;T>G;1;ACT;ACG;T;T;Syn;yes
290;T>C;1;GTT;GTC;V;V;Syn;yes
293;G>A;2;GGG;GGA;G;G;Syn;yes
296;C>T;53;TAC;TAT;Y;Y;Syn;no
299;A>T;3;GTA;GTT;V;V;Syn;yes
299;A>G;1;GTA;GTG;V;V;Syn;yes
300;C>T;2;CTA;TTA;L;L;Syn;yes
302;A>T;2;CTA;CTT;L;L;Syn;yes
302;A>C;1;CTA;CTC;L;L;Syn;yes
305;C>T;1;CCC;CCT;P;P;Syn;yes
308;A>G;4;TGA;TGG;W;W;Syn;no
311;A>G;1;GGA;GGG;G;G;Syn;yes
317;G>A;1;ATG;ATA;M;M;Syn;no
320;C>T;1;TCC;TCT;s;S;NonSyn;no
326;A>G;2;TGA;TGG;W;W;Syn;no
329;G>A;11;GGG;GGA;G;G;Syn;yes
332;A>G;1;GCA;GCG;A;A;Syn;yes
335;T>C;1;ACT;ACC;T;T;Syn;yes
338;C>T;1;GTC;GTT;V;V;Syn;yes
341;T>C;5;ATT;ATC;I;I;Syn;no
344;T>C;1;ACT;ACC;T;T;Syn;yes
350;T>A;1;CTT;CTA;L;L;Syn;yes
350;T>C;6;CTT;CTC;L;L;Syn;yes
353;G>A;6;ATG;ATA;M;M;Syn;no
356;T>C;3;TCT;TCC;S;s;NonSyn;no
359;A>G;1;GCA;GCG;A;A;Syn;yes
365;T>C;1;CCT;CCC;P;P;Syn;yes
371;G>A;3;GTG;GTA;V;V;Syn;yes
371;G>C;1;GTG;GTC;V;V;Syn;yes
380;A>G;4;GAA;GAG;E;E;Syn;no
383;G>A;52;TTG;TTA;L;L;Syn;no
386;C>T;1;GTC;GTT;V;V;Syn;yes
389;A>G;8;CAA;CAG;Q;Q;Syn;no
392;A>G;1;TGA;TGG;W;W;Syn;no
401;A>G;6;GGA;GGG;G;G;Syn;yes
404;C>A;2;GGC;GGA;G;G;Syn;yes
407;T>C;1;TTT;TTC;F;F;Syn;no
410;G>A;1;TCG;TCA;S;S;Syn;yes
413;C>T;1;GTC;GTT;V;V;Syn;yes
419;C>T;4;AAC;AAT;N;N;Syn;no
422;G>A;3;GCG;GCA;A;A;Syn;yes
428;T>C;1;CTT;CTC;L;L;Syn;yes
431;T>C;1;ACT;ACC;T;T;Syn;yes
434;G>A;3;CGG;CGA;R;R;Syn;yes
440;C>T;1;TTC;TTT;F;F;Syn;no
453;T>C;1;TTG;CTG;L;L;Syn;no
455;G>A;1;TTG;TTA;L;L;Syn;no
458;C>T;7;TTC;TTT;F;F;Syn;no
467;C>T;1;GTC;GTT;V;V;Syn;yes
473;A>G;1;GCA;GCG;A;A;Syn;yes
476;T>C;1;GGT;GGC;G;G;Syn;yes
478;T>C;1;GTT;GCT;V;A;NonSyn;no
479;T>A;1;GTT;GTA;V;V;Syn;yes
479;T>C;1;GTT;GTC;V;V;Syn;yes
482;T>C;1;ACT;ACC;T;T;Syn;yes
491;C>T;1;CAC;CAT;H;H;Syn;no
494;T>C;1;CTT;CTC;L;L;Syn;yes
497;A>G;2;TTA;TTG;L;L;Syn;no
500;T>C;3;TTT;TTC;F;F;Syn;no
501;T>C;1;TTA;CTA;L;L;Syn;no
506;C>T;2;CAC;CAT;H;H;Syn;no
509;A>G;1;GAA;GAG;E;E;Syn;no
512;A>G;2;ACA;ACG;T;T;Syn;yes
515;G>A;5;GGG;GGA;G;G;Syn;yes
518;T>C;3;TCT;TCC;S;s;NonSyn;no
521;C>T;1;AAC;AAT;N;N;Syn;no
524;C>T;1;AAC;AAT;N;N;Syn;no
527;A>G;2;CCA;CCG;P;P;Syn;yes
530;G>A;6;GCG;GCA;A;A;Syn;yes
533;G>A;2;GGG;GGA;G;G;Syn;yes
539;T>C;2;AAT;AAC;N;N;Syn;no
554;A>G;1;AAA;AAG;K;K;Syn;no
566;C>T;1;CAC;CAT;H;H;Syn;no
569;A>G;2;CCA;CCG;P;P;Syn;yes
578;T>A;5;TCT;TCA;S;S;Syn;yes
578;T>C;3;TCT;TCC;S;s;NonSyn;no
581;T>C;14;TAT;TAC;Y;Y;Syn;no
584;A>G;4;AAA;AAG;K;K;Syn;no
590;C>A;3;CTC;CTA;L;L;Syn;yes
590;C>T;1;CTC;CTT;L;L;Syn;yes
593;A>G;1;TTA;TTG;L;L;Syn;no
596;G>A;6;GGG;GGA;G;G;Syn;yes
599;C>T;3;TTC;TTT;F;F;Syn;no
602;A>G;1;GCA;GCG;A;A;Syn;yes
605;A>T;1;GTA;GTT;V;V;Syn;yes
605;A>G;1;GTA;GTG;V;V;Syn;yes
608;G>A;2;ATG;ATA;M;M;Syn;no
611;G>A;10;CTG;CTA;L;L;Syn;yes
611;G>C;4;CTG;CTC;L;L;Syn;yes
614;G>A;1;CTG;CTA;L;L;Syn;yes
617;A>G;2;GCA;GCG;A;A;Syn;yes
618;C>T;1;CTA;TTA;L;L;Syn;yes
626;A>G;8;TCA;TCG;S;S;Syn;yes
632;A>G;2;GCA;GCG;A;A;Syn;yes
635;A>G;4;TTA;TTG;L;L;Syn;no
638;T>C;1;TTT;TTC;F;F;Syn;no
641;C>T;1;TCC;TCT;s;S;NonSyn;no
644;T>C;2;CCT;CCC;P;P;Syn;yes
647;C>T;5;AAC;AAT;N;N;Syn;no
648;T>C;1;TTA;CTA;L;L;Syn;no
650;A>G;1;TTA;TTG;L;L;Syn;no
651;T>C;2;TTA;CTA;L;L;Syn;no
653;A>G;4;TTA;TTG;L;L;Syn;no
656;A>G;5;GGA;GGG;G;G;Syn;yes
665;T>C;1;GAT;GAC;D;D;Syn;no
677;A>G;4;CCA;CCG;P;P;Syn;yes
677;A>C;1;CCA;CCC;P;P;Syn;yes
680;T>C;3;GCT;GCC;A;A;Syn;yes
689;T>C;2;CTT;CTC;L;L;Syn;yes
692;C>T;2;GTC;GTT;V;V;Syn;yes
692;C>G;1;GTC;GTG;V;V;Syn;yes
698;A>G;3;CCA;CCG;P;P;Syn;yes
701;T>C;1;CCT;CCC;P;P;Syn;yes
710;G>A;2;AAG;AAA;K;K;Syn;no
716;G>A;12;GAG;GAA;E;E;Syn;no
719;G>A;27;TGG;TGA;W;W;Syn;no
740;T>C;1;GCT;GCC;A;A;Syn;yes
746;C>G;4;CTC;CTG;L;L;Syn;yes
749;G>A;3;CGG;CGA;R;R;Syn;yes
752;T>C;1;TCT;TCC;S;s;NonSyn;no
755;C>T;3;ATC;ATT;I;I;Syn;no
758;G>A;7;CCG;CCA;P;P;Syn;yes
758;G>C;1;CCG;CCC;P;P;Syn;yes
767;A>T;1;CTA;CTT;L;L;Syn;yes
767;A>G;2;CTA;CTG;L;L;Syn;yes
770;T>C;3;GGT;GGC;G;G;Syn;yes
773;A>G;3;GGA;GGG;G;G;Syn;yes
776;A>T;1;GTA;GTT;V;V;Syn;yes
776;A>G;8;GTA;GTG;V;V;Syn;yes
779;T>C;1;CTT;CTC;L;L;Syn;yes
782;C>T;1;GCC;GCT;A;A;Syn;yes
788;A>G;6;CTA;CTG;L;L;Syn;yes
791;T>C;3;TTT;TTC;F;F;Syn;no
797;T>C;3;ATT;ATC;I;I;Syn;no
800;A>G;2;CTA;CTG;L;L;Syn;yes
803;T>C;1;GTT;GTC;V;V;Syn;yes
809;G>A;10;ATG;ATA;M;M;Syn;no
812;C>T;1;GTC;GTT;V;V;Syn;yes
818;T>C;31;CCT;CCC;P;P;Syn;yes
822;T>C;1;TTG;CTG;L;L;Syn;no
824;G>A;4;TTG;TTA;L;L;Syn;no
827;C>T;2;CAC;CAT;H;H;Syn;no
839;A>G;3;CAA;CAG;Q;Q;Syn;no
842;A>G;4;CGA;CGG;R;R;Syn;yes
845;A>G;2;GGA;GGG;G;G;Syn;yes
848;T>C;1;ATT;ATC;I;I;Syn;no
857;A>G;2;CGA;CGG;R;R;Syn;yes
860;C>T;1;CCC;CCT;P;P;Syn;yes
863;T>C;1;ATT;ATC;I;I;Syn;no
866;G>A;3;ACG;ACA;T;T;Syn;yes
866;G>C;2;ACG;ACC;T;T;Syn;yes
869;G>A;12;CAG;CAA;Q;Q;Syn;no
872;C>T;1;TTC;TTT;F;F;Syn;no
875;A>T;3;CTA;CTT;L;L;Syn;yes
884;C>T;1;ACC;ACT;T;T;Syn;yes
887;T>A;1;CTT;CTA;L;L;Syn;yes
888;G>A;1;GTT;ATT;V;I;NonSyn;no
890;T>C;2;GTT;GTC;V;V;Syn;yes
893;C>T;2;GCC;GCT;A;A;Syn;yes
899;C>T;1;GTC;GTT;V;V;Syn;yes
902;C>T;3;ATC;ATT;I;I;Syn;no
911;A>G;1;ACA;ACG;T;T;Syn;yes
917;C>T;1;ATC;ATT;I;I;Syn;no
923;T>C;1;GGT;GGC;G;G;Syn;yes
926;G>A;2;ATG;ATA;M;M;Syn;no
932;C>A;1;GTC;GTA;V;V;Syn;yes
932;C>T;1;GTC;GTT;V;V;Syn;yes
932;C>G;1;GTC;GTG;V;V;Syn;yes
938;C>T;1;CAC;CAT;H;H;Syn;no
941;A>G;1;CCA;CCG;P;P;Syn;yes
944;C>T;3;TTC;TTT;F;F;Syn;no
953;T>C;2;ATT;ATC;I;I;Syn;no
959;A>G;2;CAA;CAG;Q;Q;Syn;no
965;A>G;2;GCA;GCG;A;A;Syn;yes
971;A>G;2;CTA;CTG;L;L;Syn;yes
974;C>A;1;CTC;CTA;L;L;Syn;yes
974;C>G;1;CTC;CTG;L;L;Syn;yes
986;T>C;5;ATT;ATC;I;I;Syn;no
989;C>T;1;TTC;TTT;F;F;Syn;no
992;T>C;1;CTT;CTC;L;L;Syn;yes
995;A>G;1;GTA;GTG;V;V;Syn;yes
996;C>T;1;CTA;TTA;L;L;Syn;yes
1001;T>C;1;GCT;GCC;A;A;Syn;yes
1004;G>A;3;CCG;CCA;P;P;Syn;yes
1005;G>A;1;GTG;ATG;V;M;NonSyn;no
1006;T>C;1;GTG;GCG;V;A;NonSyn;no
1007;G>A;5;GTG;GTA;V;V;Syn;yes
1007;G>C;1;GTG;GTC;V;V;Syn;yes
1010;A>G;1;GCA;GCG;A;A;Syn;yes
1013;A>G;6;GGA;GGG;G;G;Syn;yes
1017;T>C;32;TTA;CTA;L;L;Syn;no
1019;A>G;1;TTA;TTG;L;L;Syn;no
1025;C>T;1;AAC;AAT;N;N;Syn;no
1034;A>G;1;CTA;CTG;L;L;Syn;yes
