5;A>G;1;GGA;GGG;G;G;Syn;yes
8;C>T;1;TCC;TCT;s;S;NonSyn;no
26;G>A;1;TTG;TTA;L;L;Syn;no
35;A>G;1;CAA;CAG;Q;Q;Syn;no
56;A>G;1;CTA;CTG;L;L;Syn;yes
62;A>G;7;ATA;ATG;M;M;Syn;no
74;A>G;5;TCA;TCG;S;S;Syn;yes
122;A>G;1;GTA;GTG;V;V;Syn;yes
131;A>G;70;GGA;GGG;G;G;Syn;yes
134;A>G;3;TGA;TGG;W;W;Syn;no
137;A>T;2;CTA;CTT;L;L;Syn;yes
143;A>G;47;CGA;CGG;R;R;Syn;yes
155;A>G;2;GCA;GCG;A;A;Syn;yes
167;A>G;2;TCA;TCG;S;S;Syn;yes
173;C>T;4;TTC;TTT;F;F;Syn;no
185;C>T;38;ATC;ATT;I;I;Syn;no
200;T>C;9;GCT;GCC;A;A;Syn;yes
203;A>G;9;CGA;CGG;R;R;Syn;yes
221;T>C;10;TCT;TCC;S;s;NonSyn;no
233;A>G;3;ATA;ATG;M;M;Syn;no
236;A>G;1;GAA;GAG;E;E;Syn;no
239;T>C;4;ACT;ACC;T;T;Syn;yes
248;C>T;2;ATC;ATT;I;I;Syn;no
254;A>T;1;GTA;GTT;V;V;Syn;yes
254;A>G;17;GTA;GTG;V;V;Syn;yes
257;A>T;2;GTA;GTT;V;V;Syn;yes
257;A>G;1;GTA;GTG;V;V;Syn;yes
267;T>C;4;TTA;CTA;L;L;Syn;no
269;A>G;1;TTA;TTG;L;L;Syn;no
276;A>G;2;ATG;GTG;M;V;NonSyn;no
278;G>A;2;ATG;ATA;M;M;Syn;no
293;G>A;2;GGG;GGA;G;G;Syn;yes
299;A>T;1;GTA;GTT;V;V;Syn;yes
302;A>T;3;CTA;CTT;L;L;Syn;yes
305;C>T;1;CCC;CCT;P;P;Syn;yes
308;A>G;3;TGA;TGG;W;W;Syn;no
311;A>G;13;GGA;GGG;G;G;Syn;yes
329;G>A;67;GGG;GGA;G;G;Syn;yes
335;T>C;1;ACT;ACC;T;T;Syn;yes
338;C>T;5;GTC;GTT;V;V;Syn;yes
344;T>C;2;ACT;ACC;T;T;Syn;yes
353;G>A;2;ATG;ATA;M;M;Syn;no
359;A>G;1;GCA;GCG;A;A;Syn;yes
362;T>C;1;GTT;GTC;V;V;Syn;yes
371;G>A;2;GTG;GTA;V;V;Syn;yes
374;C>T;2;GGC;GGT;G;G;Syn;yes
383;A>G;5;TTA;TTG;L;L;Syn;no
386;G>C;2;GTG;GTC;V;V;Syn;yes
389;G>A;3;CAG;CAA;Q;Q;Syn;no
401;A>G;70;GGA;GGG;G;G;Syn;yes
422;G>A;1;GCG;GCA;A;A;Syn;yes
431;T>C;67;ACT;ACC;T;T;Syn;yes
455;A>G;2;TTA;TTG;L;L;Syn;no
500;T>C;1;TTT;TTC;F;F;Syn;no
509;A>G;3;GAA;GAG;E;E;Syn;no
512;A>G;2;ACA;ACG;T;T;Syn;yes
515;G>A;2;GGG;GGA;G;G;Syn;yes
515;G>C;1;GGG;GGC;G;G;Syn;yes
518;T>C;1;TCT;TCC;S;s;NonSyn;no
521;C>T;1;AAC;AAT;N;N;Syn;no
527;A>G;1;CCA;CCG;P;P;Syn;yes
533;G>A;1;GGG;GGA;G;G;Syn;yes
533;G>C;1;GGG;GGC;G;G;Syn;yes
536;C>T;1;CTC;CTT;L;L;Syn;yes
596;A>G;12;GGA;GGG;G;G;Syn;yes
605;A>G;1;GTA;GTG;V;V;Syn;yes
611;G>A;3;CTG;CTA;L;L;Syn;yes
611;G>C;2;CTG;CTC;L;L;Syn;yes
617;G>A;4;GCG;GCA;A;A;Syn;yes
620;A>G;2;CTA;CTG;L;L;Syn;yes
626;G>A;3;TCG;TCA;S;S;Syn;yes
626;G>C;5;TCG;TCC;S;s;NonSyn;no
629;G>A;1;CTG;CTA;L;L;Syn;yes
632;A>G;2;GCA;GCG;A;A;Syn;yes
635;A>G;1;TTA;TTG;L;L;Syn;no
638;C>T;1;TTC;TTT;F;F;Syn;no
644;T>C;2;CCT;CCC;P;P;Syn;yes
647;C>T;9;AAC;AAT;N;N;Syn;no
650;A>G;2;TTA;TTG;L;L;Syn;no
653;A>G;1;TTA;TTG;L;L;Syn;no
665;T>C;2;GAT;GAC;D;D;Syn;no
668;T>C;1;AAT;AAC;N;N;Syn;no
677;A>C;1;CCA;CCC;P;P;Syn;yes
686;C>T;1;CCC;CCT;P;P;Syn;yes
719;A>G;6;TGA;TGG;W;W;Syn;no
734;T>C;2;GCT;GCC;A;A;Syn;yes
740;T>C;3;GCT;GCC;A;A;Syn;yes
749;A>G;1;CGA;CGG;R;R;Syn;yes
752;C>T;2;TCC;TCT;s;S;NonSyn;no
755;C>T;3;ATC;ATT;I;I;Syn;no
758;A>G;3;CCA;CCG;P;P;Syn;yes
764;A>G;2;AAA;AAG;K;K;Syn;no
767;A>G;10;CTA;CTG;L;L;Syn;yes
770;C>T;2;GGC;GGT;G;G;Syn;yes
773;A>G;4;GGA;GGG;G;G;Syn;yes
785;C>T;2;CTC;CTT;L;L;Syn;yes
788;A>G;13;CTA;CTG;L;L;Syn;yes
791;T>C;1;TTT;TTC;F;F;Syn;no
797;C>T;2;ATC;ATT;I;I;Syn;no
810;G>A;1;GTC;ATC;V;I;NonSyn;no
810;G>C;2;GTC;CTC;V;L;NonSyn;no
824;G>A;1;TTG;TTA;L;L;Syn;no
845;A>G;3;GGA;GGG;G;G;Syn;yes
857;A>G;1;CGA;CGG;R;R;Syn;yes
866;G>A;3;ACG;ACA;T;T;Syn;yes
869;G>A;3;CAG;CAA;Q;Q;Syn;no
875;A>G;1;CTA;CTG;L;L;Syn;yes
896;C>T;2;GAC;GAT;D;D;Syn;no
902;C>T;2;ATC;ATT;I;I;Syn;no
908;T>C;2;CTT;CTC;L;L;Syn;yes
911;A>G;1;ACA;ACG;T;T;Syn;yes
926;G>A;1;ATG;ATA;M;M;Syn;no
929;A>G;10;CCA;CCG;P;P;Syn;yes
950;T>C;1;ATT;ATC;I;I;Syn;no
962;A>G;1;GTA;GTG;V;V;Syn;yes
971;A>G;1;CTA;CTG;L;L;Syn;yes
974;C>T;1;CTC;CTT;L;L;Syn;yes
995;A>T;1;GTA;GTT;V;V;Syn;yes
995;A>G;2;GTA;GTG;V;V;Syn;yes
996;C>T;1;CTA;TTA;L;L;Syn;yes
998;A>G;1;CTA;CTG;L;L;Syn;yes
1001;T>C;2;GCT;GCC;A;A;Syn;yes
1004;G>C;68;CCG;CCC;P;P;Syn;yes
1005;G>A;65;GTG;ATG;V;M;NonSyn;no
1006;T>C;1;GTG;GCG;V;A;NonSyn;no
1010;A>G;1;GCA;GCG;A;A;Syn;yes
1013;A>G;8;GGA;GGG;G;G;Syn;yes
1028;A>G;1;AAA;AAG;K;K;Syn;no
