Mut	Label	PosInGene	PosInCodon	RefCodon	AltCodon	RefAa	AltAa	ProbaRef	ProbaMut	ProbaFull	RefNode	AltNode	Gene
C[A>C]T	2	165	3	GCA	GCC	A	A	0.99989	0.99989	0.999882	Node240	Node234	1
A[T>C]G	1	297	3	TAT	TAC	Y	Y	0.99953	0.99953	0.999522	Node240	Node234	1
G[G>A]C	2	312	3	GGG	GGA	G	G	0.99941	0.99941	0.9994019	Node240	Node234	1
C[C>T]C	2	432	3	ACC	ACT	T	T	0.9996	0.9996	0.99959195	Node240	Node234	1
C[G>A]G	2	678	3	CCG	CCA	P	P	0.99945	0.99944	0.99943197	Node240	Node234	1
T[G>A]C	2	612	3	CTG	CTA	L	L	0.99991	0.99966997	0.99965596	Node234	Node235	1
T[T>C]T	1	13	1	TTA	CTA	L	L	0.99999	0.99996996	0.9970858	Node235	Node236	1
C[A>G]C	2	699	3	CCA	CCG	P	P	0.99995	0.99995	0.9970577	Node236	MO0008_A	1
T[C>T]C	1	873	3	TTC	TTT	F	F	1.0	1.0	0.99710757	Node236	MO0008_A	1
G[A>G]C	1	135	3	TGA	TGG	W	W	0.99996	0.99996	0.99708253	Node238	ML0089_A	1
C[G>A]G	2	531	3	GCG	GCA	A	A	0.99997	0.99996	0.99708253	Node238	Node239	1
T[G>A]G	1	384	3	TTG	TTA	L	L	0.99952	0.99952	0.996635	Node237	PS1277_A	1
T[A>G]T	1	498	3	TTA	TTG	L	L	0.99996	0.99996	0.99707377	Node237	SN0275_A	1
A[G>A]T	1	717	3	GAG	GAA	E	E	0.99998	0.99998	0.9970937	Node237	SN0275_A	1
T[G>A]A	1	279	3	ATG	ATA	M	M	0.99999	0.99999	0.9999835	Node239	AN1173_A	1
C[T>C]A	2	819	3	CCT	CCC	P	P	1.0	1.0	0.9942528	Node197	Node198	1
A[T>C]T	1	1018	1	TTA	CTA	L	L	1.0	0.99999	0.99424285	Node197	Node198	1
A[C>T]A	1	108	3	CAC	CAT	H	H	1.0	1.0	0.9999711	Node198	PN0149_A	1
C[T>C]A	2	741	3	GCT	GCC	A	A	1.0	1.0	0.9999711	Node198	PN0149_A	1
C[T>A]T	2	579	3	TCT	TCA	S	S	1.0	0.99957	0.9938328	Node228	Node229	1
G[G>A]G	2	330	3	GGG	GGA	G	G	0.99913	0.99913	0.9933954	Node228	GL2137_A	1
C[C>T]G	2	894	3	GCC	GCT	A	A	1.0	1.0	0.9942604	Node228	GL2137_A	1
G[G>A]G	2	330	3	GGG	GGA	G	G	0.99393	0.9939101	0.9910719	Node229	Node230	1
T[T>C]T	1	639	3	TTT	TTC	F	F	0.99832	0.99832	0.99546915	Node229	SN0273_A	1
T[T>C]T	2	12	3	CTT	CTC	L	L	1.0	0.99144	0.98858064	Node6	Node253	1
C[A>G]C	2	627	3	TCA	TCG	S	S	1.0	0.01033	0.010300208	Node6	Node253	1
G[G>A]T	2	132	3	GGG	GGA	G	G	0.99999	0.99999	0.99710596	Node6	Node5	1
A[G>A]T	1	870	3	CAG	CAA	Q	Q	0.99999	0.99999	0.9999764	Node230	TN2520_A	1
G[G>A]T	1	720	3	TGG	TGA	W	W	0.99998	0.9999	0.99701494	Node182	Node183	1
G[G>A]T	2	597	3	GGG	GGA	G	G	0.99999	0.99995	0.99706477	Node182	Node187	1
A[T>C]A	1	582	3	TAT	TAC	Y	Y	1.0	1.0	0.9971358	Node190	ML0071_A	1
A[G>A]T	1	870	3	CAG	CAA	Q	Q	0.99997	0.99995	0.9970597	Node242	Node243	1
A[C>T]A	1	195	3	CAC	CAT	H	H	1.0	1.0	0.9971096	Node242	ML0087_A	1
T[A>C]C	2	303	3	CTA	CTC	L	L	1.0	1.0	0.9971096	Node242	ML0087_A	1
T[T>C]G	2	780	3	CTT	CTC	L	L	1.0	1.0	0.9971096	Node242	ML0087_A	1
T[A>T]T	2	876	3	CTA	CTT	L	L	1.0	1.0	0.9971377	Node250	Node251	1
G[A>G]C	2	858	3	CGA	CGG	R	R	0.99998	0.99998	0.99711776	Node250	ML0093_A	1
T[G>A]T	2	210	3	CTG	CTA	L	L	0.99752	0.99752	0.99168074	Node253	PN0133_A	1
C[A>G]C	2	627	3	TCA	TCG	S	S	0.98967	0.98967	0.98387665	Node253	PN0133_A	1
A[T>C]A	1	666	3	GAT	GAC	D	D	0.99885	0.99885	0.9930029	Node253	PN0133_A	1
T[G>C]C	2	612	3	CTG	CTC	L	L	0.99918	0.99918	0.993331	Node253	SN0265_A	1
C[G>A]C	2	627	3	TCG	TCA	S	S	0.01033	0.01033	0.01026953	Node253	SN0265_A	1
T[G>A]C	1	825	3	TTG	TTA	L	L	0.99484	0.99484	0.9890164	Node253	SN0265_A	1
T[G>A]G	1	384	3	TTG	TTA	L	L	0.99989	0.94963557	0.9441189	Node201	Node202	1
G[G>A]T	1	720	3	TGG	TGA	W	W	1.0	0.02044	0.020321257	Node201	Node202	1
G[A>G]A	1	243	3	TGA	TGG	W	W	1.0	1.0	0.99419075	Node201	GN1612_A	1
T[C>T]C	1	459	3	TTC	TTT	F	F	1.0	1.0	0.99419075	Node201	GN1612_A	1
T[T>C]T	2	495	3	CTT	CTC	L	L	1.0	1.0	0.99419075	Node201	GN1612_A	1
T[A>G]C	2	777	3	GTA	GTG	V	V	0.99999	0.99999	0.9941808	Node201	GN1612_A	1
G[A>G]G	1	309	3	TGA	TGG	W	W	0.99994	0.99994	0.99419713	Node218	PN0148_A	1
T[T>A]A	2	480	3	GTT	GTA	V	V	1.0	1.0	0.9942568	Node218	PN0148_A	1
G[G>A]G	2	330	3	GGG	GGA	G	G	1.0	1.0	0.9942568	Node218	CN0398_A	1
G[A>G]G	2	402	3	GGA	GGG	G	G	0.99999	0.99999	0.99424684	Node218	CN0398_A	1
A[C>T]C	1	525	3	AAC	AAT	N	N	1.0	1.0	0.9942568	Node218	CN0398_A	1
C[A>G]G	2	678	3	CCA	CCG	P	P	0.99999	0.99999	0.99424684	Node218	CN0398_A	1
T[G>A]C	1	927	3	ATG	ATA	M	M	1.0	1.0	0.9942568	Node218	CN0398_A	1
C[G>A]G	2	1005	3	CCG	CCA	P	P	1.0	1.0	0.9942568	Node218	CN0398_A	1
A[C>T]G	1	420	3	AAC	AAT	N	N	1.0	1.0	0.997125	Node223	Node225	1
A[T>C]T	1	652	1	TTA	CTA	L	L	1.0	1.0	0.9999848	Node183	ML0091_A	1
C[T>C]A	2	753	3	TCT	TCC	S	S	1.0	1.0	0.9999848	Node183	ML0091_A	1
T[G>A]C	1	927	3	ATG	ATA	M	M	1.0	1.0	0.9999848	Node183	ML0091_A	1
T[A>T]C	2	303	3	CTA	CTT	L	L	1.0	1.0	0.9971209	Node187	SN2071_A	1
C[T>C]T	2	579	3	TCT	TCC	S	S	1.0	1.0	0.9971209	Node187	SN2071_A	1
G[A>G]A	2	846	3	GGA	GGG	G	G	1.0	1.0	0.9971209	Node187	SN2071_A	1
T[A>G]C	2	777	3	GTA	GTG	V	V	0.99987	0.99985	0.99697566	Node191	Node192	1
C[A>G]T	2	168	3	TCA	TCG	S	S	1.0	1.0	0.99712527	Node191	SN0261_A	1
A[C>T]A	1	231	3	TAC	TAT	Y	Y	1.0	1.0	0.99712527	Node191	SN0261_A	1
T[T>C]T	1	502	1	TTA	CTA	L	L	1.0	1.0	0.99712527	Node191	SN0261_A	1
A[T>C]T	1	540	3	AAT	AAC	N	N	1.0	1.0	0.99712527	Node191	SN0261_A	1
C[A>G]T	2	912	3	ACA	ACG	T	T	1.0	1.0	0.99712527	Node191	SN0261_A	1
T[G>A]T	1	354	3	ATG	ATA	M	M	0.99999	0.99999	0.9999679	Node243	GN1606_A	1
T[C>G]A	2	693	3	GTC	GTG	V	V	0.99999	0.99999	0.99712336	Node251	ML0092_A	1
G[A>G]G	2	657	3	GGA	GGG	G	G	0.99999	0.99999	0.9971199	Node254	PS1272_A	1
G[T>C]G	2	771	3	GGT	GGC	G	G	1.0	1.0	0.9971299	Node254	PS1272_A	1
T[A>G]T	2	789	3	CTA	CTG	L	L	0.99995	0.99987	0.9970003	Node254	Node255	1
T[G>A]G	1	384	3	TTG	TTA	L	L	0.05026	0.05026	0.050108384	Node202	Node203	1
G[G>A]T	1	720	3	TGG	TGA	W	W	0.97956	0.97950125	0.9765464	Node202	Node203	1
T[G>A]G	1	384	3	TTG	TTA	L	L	0.05026	0.05026	0.050108384	Node202	SN0267_A	1
G[A>G]T	1	720	3	TGA	TGG	W	W	0.02044	0.02044	0.020378338	Node202	SN0267_A	1
C[G>A]A	2	759	3	CCG	CCA	P	P	0.99834	0.99834	0.99532837	Node202	SN0267_A	1
T[A>T]G	2	768	3	CTA	CTT	L	L	0.99992	0.99992	0.9969036	Node202	SN0267_A	1
T[T>C]G	1	954	3	ATT	ATC	I	I	0.99939	0.99939	0.9963752	Node202	SN0267_A	1
C[A>G]G	2	513	3	ACA	ACG	T	T	0.99997	0.99997	0.9971099	Node221	PN0142_A	1
T[G>A]G	2	372	3	GTG	GTA	V	V	1.0	0.99999	0.9971298	Node221	Node222	1
G[G>A]T	2	435	3	CGG	CGA	R	R	1.0	0.99999	0.9971298	Node221	Node222	1
G[G>A]T	2	516	3	GGG	GGA	G	G	0.99998	0.99998	0.99711347	Node224	MO0010_A	1
C[A>G]G	2	528	3	CCA	CCG	P	P	0.99999	0.99999	0.9971234	Node224	NM1212_A	1
A[A>G]G	1	960	3	CAA	CAG	Q	Q	0.99999	0.99999	0.9971234	Node224	NM1212_A	1
G[T>C]G	2	771	3	GGT	GGC	G	G	0.99999	0.99999	0.99997556	Node225	IR2037_A	1
C[T>G]G	2	282	3	ACT	ACG	T	T	1.0	1.0	0.99426657	Node232	PS1284_A	1
T[G>A]G	1	384	3	TTG	TTA	L	L	0.99999	0.99999	0.9942566	Node232	PS1284_A	1
T[A>G]T	2	789	3	CTA	CTG	L	L	0.99999	0.99999	0.9942566	Node232	PS1284_A	1
T[G>C]G	2	1008	3	GTG	GTC	V	V	1.0	1.0	0.99426657	Node232	PS1284_A	1
T[T>C]C	1	798	3	ATT	ATC	I	I	0.99999	0.99999	0.9942566	Node232	IR2046_A	1
G[A>G]C	2	858	3	CGA	CGG	R	R	0.99998	0.99998	0.99424666	Node232	IR2046_A	1
T[C>T]C	1	459	3	TTC	TTT	F	F	1.0	1.0	0.9971283	Node188	GN1590_A	1
T[A>G]G	1	654	3	TTA	TTG	L	L	0.99998	0.99998	0.99996436	Node192	Node193	1
G[A>G]A	2	144	3	CGA	CGG	R	R	0.99998	0.99998	0.9912762	Node252	CN0395_A	1
T[T>C]A	2	273	3	GTT	GTC	V	V	0.99999	0.99999	0.9912861	Node252	CN0395_A	1
T[C>G]C	2	747	3	CTC	CTG	L	L	1.0	1.0	0.99129605	Node252	CN0395_A	1
T[A>T]C	2	777	3	GTA	GTT	V	V	1.0	1.0	0.99129605	Node252	CN0395_A	1
T[T>C]C	2	804	3	GTT	GTC	V	V	1.0	1.0	0.99129605	Node252	CN0395_A	1
A[G>A]T	1	870	3	CAG	CAA	Q	Q	0.99999	0.99999	0.9912861	Node252	CN0395_A	1
C[C>T]G	2	894	3	GCC	GCT	A	A	1.0	1.0	0.99129605	Node252	CN0395_A	1
G[G>A]T	0	1006	1	GTG	ATG	V	M	0.99999	0.99999	0.9912861	Node252	CN0395_A	1
T[G>A]A	1	276	3	ATG	ATA	M	M	0.99995	0.99995	0.99124646	Node252	GN1597_A	1
T[T>C]G	2	690	3	CTT	CTC	L	L	0.99996	0.99996	0.9912564	Node252	GN1597_A	1
A[G>A]T	1	717	3	GAG	GAA	E	E	0.99995	0.99995	0.99124646	Node252	GN1597_A	1
T[A>G]G	1	234	3	ATA	ATG	M	M	1.0	1.0	0.9999944	Node255	GU0511_A	1
G[C>A]T	2	405	3	GGC	GGA	G	G	1.0	1.0	0.9999944	Node255	GU0511_A	1
T[A>G]T	1	498	3	TTA	TTG	L	L	1.0	1.0	0.9999944	Node255	GU0511_A	1
T[G>A]C	2	612	3	CTG	CTA	L	L	1.0	1.0	0.9999944	Node255	GU0511_A	1
G[G>A]T	1	720	3	TGG	TGA	W	W	1.0	1.0	0.9999944	Node255	GU0511_A	1
T[T>C]G	1	198	3	ATT	ATC	I	I	1.0	1.0	0.999963	Node203	PN0128_A	1
C[A>G]C	2	699	3	CCA	CCG	P	P	0.99999	0.99999	0.999953	Node203	PN0128_A	1
C[A>G]C	2	627	3	TCA	TCG	S	S	0.99997	0.99997	0.99996436	Node222	IR2008_A	1
G[A>G]G	2	657	3	GGA	GGG	G	G	0.99999	0.99999	0.9999843	Node222	IR2008_A	1
T[T>C]A	1	342	3	ATT	ATC	I	I	1.0	0.99859	0.9957072	Node107	Node121	1
T[T>C]G	2	993	3	CTT	CTC	L	L	1.0	1.0	0.9971361	Node125	ML0079_A	1
C[A>G]C	2	627	3	TCA	TCG	S	S	1.0	0.03201	0.03191781	Node185	Node186	1
G[A>G]G	2	657	3	GGA	GGG	G	G	0.99998	0.99119014	0.98833555	Node185	Node186	1
C[G>A]G	2	531	3	GCG	GCA	A	A	0.99999	0.99999	0.99711	Node185	CN0392_A	1
C[G>A]A	2	759	3	CCG	CCA	P	P	0.99998	0.99998	0.99711263	Node189	GU0515_A	1
T[A>G]G	1	270	3	TTA	TTG	L	L	0.99998	0.99998	0.99711263	Node189	AN1176_A	1
T[C>T]G	1	249	3	ATC	ATT	I	I	1.0	1.0	0.9999926	Node195	SN0259_A	1
A[T>C]T	1	540	3	AAT	AAC	N	N	1.0	1.0	0.99422675	Node249	PN0145_A	1
G[G>A]T	2	750	3	CGG	CGA	R	R	0.99999	0.99999	0.9942168	Node249	PN0145_A	1
A[C>T]C	1	939	3	CAC	CAT	H	H	1.0	1.0	0.99422675	Node249	PN0145_A	1
G[G>A]G	2	204	3	CGG	CGA	R	R	0.99998	0.99998	0.99420685	Node249	ML0100_A	1
C[A>G]T	2	942	3	CCA	CCG	P	P	0.99998	0.99998	0.99420685	Node249	ML0100_A	1
G[G>A]T	2	294	3	GGG	GGA	G	G	1.0	1.0	0.9971331	Node227	AD0978_A	1
C[A>G]G	2	678	3	CCA	CCG	P	P	0.99999	0.99999	0.99712306	Node227	AD0978_A	1
C[G>A]A	2	423	3	GCG	GCA	A	A	0.99998	0.99998	0.9971131	Node227	IR2030_A	1
G[G>C]G	2	204	3	CGG	CGC	R	R	1.0	0.99827	0.9954024	Node102	Node103	1
A[A>G]C	1	840	3	CAA	CAG	Q	Q	1.0	0.01836	0.018307261	Node102	Node103	1
C[G>C]C	2	867	3	ACG	ACC	T	T	1.0	0.99914	0.99626994	Node102	Node103	1
C[A>G]G	2	1011	3	GCA	GCG	A	A	1.0	0.01635	0.016303033	Node102	Node103	1
C[G>A]A	2	759	3	CCG	CCA	P	P	0.99876	0.99876	0.99589103	Node102	Node104	1
T[G>A]G	1	384	3	TTG	TTA	L	L	0.99998	0.99991995	0.99703956	Node108	Node109	1
A[A>G]T	1	390	3	CAA	CAG	Q	Q	0.99998	0.99996996	0.9970894	Node108	Node117	1
T[C>T]A	1	177	3	TTC	TTT	F	F	0.99797	0.99797	0.9951087	Node121	ML0086_A	1
A[C>T]T	1	648	3	AAC	AAT	N	N	0.9984	0.99838996	0.99552745	Node121	Node122	1
T[C>T]A	1	945	3	TTC	TTT	F	F	0.99999	0.99346006	0.9877583	Node126	Node127	1
T[A>G]T	1	636	3	TTA	TTG	L	L	0.99783	0.99783	0.9921031	Node126	TN2533_A	1
T[T>C]C	1	798	3	ATT	ATC	I	I	1.0	1.0	0.99426067	Node126	TN2533_A	1
T[T>C]G	2	291	3	GTT	GTC	V	V	0.99918	0.99918	0.99638295	Node186	PN0141_A	1
C[G>A]C	2	627	3	TCG	TCA	S	S	0.03201	0.03201	0.031920392	Node186	PN0141_A	1
T[T>C]T	1	987	3	ATT	ATC	I	I	0.9988	0.9988	0.9960039	Node186	PN0141_A	1
C[A>G]C	2	627	3	TCA	TCG	S	S	0.96799	0.96799	0.9652802	Node186	PN0150_A	1
A[A>G]T	1	381	3	GAA	GAG	E	E	0.99997	0.99997	0.99712455	Node194	PS1292_A	1
T[A>G]G	1	594	3	TTA	TTG	L	L	0.99999	0.99999	0.99714446	Node194	ML0081_A	1
T[G>A]T	0	889	1	GTT	ATT	V	I	1.0	1.0	0.9971545	Node194	ML0081_A	1
G[G>A]T	2	435	3	CGG	CGA	R	R	1.0	1.0	0.9971234	Node246	PN0136_A	1
G[G>A]C	2	534	3	GGG	GGA	G	G	1.0	1.0	0.9971234	Node246	PN0136_A	1
T[G>A]C	1	825	3	TTG	TTA	L	L	1.0	1.0	0.9971314	Node274	ML0076_A	1
C[G>A]C	2	867	3	ACG	ACA	T	T	1.0	1.0	0.9971314	Node274	ML0076_A	1
G[A>G]A	2	846	3	GGA	GGG	G	G	0.99997	0.99997	0.9971015	Node274	GU0512_A	1
T[T>C]T	1	501	3	TTT	TTC	F	F	1.0	0.99999	0.9970914	Node205	Node206	1
G[G>A]G	2	204	3	CGG	CGA	R	R	0.99998	0.99995	0.99705154	Node205	Node207	1
T[G>A]C	1	150	3	ATG	ATA	M	M	0.99999	0.9892401	0.98353493	Node84	Node85	1
C[A>G]T	2	966	3	GCA	GCG	A	A	1.0	0.01092	0.010857022	Node84	Node85	1
G[A>G]T	2	1014	3	GGA	GGG	G	G	0.99999	0.99998	0.99421287	Node84	Node86	1
T[A>T]C	2	300	3	GTA	GTT	V	V	1.0	1.0	0.99712104	Node92	Node93	1
T[C>A]T	2	591	3	CTC	CTA	L	L	0.99748	0.99748	0.9945954	Node100	Node101	1
C[T>C]A	2	345	3	ACT	ACC	T	T	1.0	1.0	0.99710816	Node100	TN2540_A	1
T[C>T]T	2	591	3	CTC	CTT	L	L	0.99748	0.99748	0.9945954	Node100	TN2540_A	1
A[A>G]C	1	840	3	CAA	CAG	Q	Q	0.98164	0.98164	0.9759776	Node103	ML0096_A	1
C[A>G]G	2	1011	3	GCA	GCG	A	A	0.98365	0.98365	0.977976	Node103	ML0096_A	1
T[A>G]G	1	234	3	ATA	ATG	M	M	0.99269	0.99269	0.98696387	Node103	MO0031_A	1
C[T>C]T	1	454	1	TTG	CTG	L	L	0.99784	0.99784	0.99208415	Node103	MO0031_A	1
C[G>A]A	2	759	3	CCG	CCA	P	P	0.99187	0.99187	0.9861486	Node103	MO0031_A	1
A[G>A]C	1	840	3	CAG	CAA	Q	Q	0.01836	0.01836	0.018254094	Node103	MO0031_A	1
C[G>A]G	2	1011	3	GCG	GCA	A	A	0.01635	0.01635	0.016255688	Node103	MO0031_A	1
T[C>T]G	1	249	3	ATC	ATT	I	I	1.0	1.0	0.999979	Node109	SN0277_A	1
G[G>A]G	2	330	3	GGG	GGA	G	G	0.99999	0.99999	0.999969	Node109	SN0277_A	1
T[C>T]A	1	903	3	ATC	ATT	I	I	1.0	1.0	0.9999799	Node117	IR2027_A	1
G[A>G]G	1	309	3	TGA	TGG	W	W	0.99999	0.99999	0.9999753	Node122	TN2534_A	1
C[A>G]G	2	513	3	ACA	ACG	T	T	1.0	1.0	0.99998534	Node122	TN2534_A	1
A[A>G]C	1	840	3	CAA	CAG	Q	Q	1.0	1.0	0.99998534	Node122	TN2534_A	1
T[G>A]T	2	210	3	CTG	CTA	L	L	0.99995	0.011519424	0.011451471	Node127	Node128	1
T[G>A]T	1	354	3	ATG	ATA	M	M	0.99598	0.97771376	0.97194624	Node127	Node128	1
C[A>G]C	2	627	3	TCA	TCG	S	S	0.99926	0.046905264	0.04662857	Node127	Node128	1
T[A>G]T	1	636	3	TTA	TTG	L	L	0.99199	0.9807706	0.974985	Node127	Node128	1
G[G>A]T	2	516	3	GGG	GGA	G	G	0.99587	0.99587	0.98999536	Node127	GN1613_A	1
C[A>C]G	2	678	3	CCA	CCC	P	P	0.99908	0.99908	0.9931864	Node127	GN1613_A	1
A[A>G]G	1	585	3	AAA	AAG	K	K	0.99999	0.99999	0.99711394	Node133	Node134	1
T[G>A]G	1	810	3	ATG	ATA	M	M	0.99999	0.99999	0.99711394	Node133	Node137	1
G[A>G]G	2	843	3	CGA	CGG	R	R	0.99997	0.99988	0.9941571	Node143	Node144	1
C[A>G]T	2	570	3	CCA	CCG	P	P	0.99997	0.99997	0.99424654	Node143	AN1159_A	1
T[T>C]G	1	954	3	ATT	ATC	I	I	1.0	1.0	0.99427634	Node143	AN1159_A	1
G[A>G]G	2	402	3	GGA	GGG	G	G	0.99988	0.99968004	0.99396175	Node147	Node148	1
T[T>C]T	1	501	3	TTT	TTC	F	F	1.0	1.0	0.99427986	Node147	PS1275_A	1
C[T>C]T	1	649	1	TTA	CTA	L	L	1.0	1.0	0.99427986	Node147	PS1275_A	1
T[C>T]A	2	693	3	GTC	GTT	V	V	1.0	1.0	0.99427986	Node147	PS1275_A	1
T[C>T]G	2	813	3	GTC	GTT	V	V	1.0	1.0	0.99427986	Node147	PS1275_A	1
A[C>T]A	1	1026	3	AAC	AAT	N	N	1.0	1.0	0.99427986	Node147	PS1275_A	1
T[G>A]G	2	1008	3	GTG	GTA	V	V	0.99998	0.99995	0.99707186	Node150	Node151	1
T[T>C]C	2	264	3	CTT	CTC	L	L	1.0	1.0	0.99712175	Node150	Node155	1
C[G>A]C	2	867	3	ACG	ACA	T	T	1.0	0.99999	0.99711174	Node150	Node155	1
T[C>T]G	1	441	3	TTC	TTT	F	F	1.0	1.0	0.99713045	Node247	PS1278_A	1
T[G>A]C	2	612	3	CTG	CTA	L	L	0.99999	0.99999	0.99712044	Node247	PS1278_A	1
C[A>G]C	2	627	3	TCA	TCG	S	S	0.99992	0.99992	0.9970507	Node247	Node248	1
T[G>A]G	1	384	3	TTG	TTA	L	L	0.99988	0.99984	0.99695325	Node258	Node259	1
C[G>A]G	2	411	3	TCG	TCA	S	S	1.0	1.0	0.99711275	Node258	AN1165_A	1
A[C>T]G	1	507	3	CAC	CAT	H	H	1.0	1.0	0.99711275	Node258	AN1165_A	1
T[G>A]G	2	615	3	CTG	CTA	L	L	1.0	1.0	0.99711275	Node258	AN1165_A	1
T[C>T]A	2	693	3	GTC	GTT	V	V	1.0	1.0	0.99711275	Node258	AN1165_A	1
T[T>C]G	1	198	3	ATT	ATC	I	I	1.0	1.0	0.9971181	Node272	PN0129_A	1
T[G>C]C	2	612	3	CTG	CTC	L	L	1.0	1.0	0.9971181	Node272	PN0129_A	1
T[A>G]G	2	768	3	CTA	CTG	L	L	0.99999	0.99999	0.9971081	Node272	PN0129_A	1
T[G>A]G	1	810	3	ATG	ATA	M	M	0.99997	0.99994004	0.99705833	Node272	Node273	1
G[A>G]G	2	162	3	GGA	GGG	G	G	1.0	1.0	0.99999374	Node206	BB1868_A	1
A[A>G]T	1	390	3	CAA	CAG	Q	Q	0.99999	0.99999	0.9999837	Node206	BB1868_A	1
T[A>G]T	2	789	3	CTA	CTG	L	L	0.99999	0.99999	0.9999837	Node206	BB1868_A	1
G[T>C]A	2	924	3	GGT	GGC	G	G	1.0	1.0	0.99999326	Node207	PN0132_A	1
C[T>C]C	2	702	3	CCT	CCC	P	P	1.0	1.0	0.994276	Node17	NO1747_A	1
G[A>G]G	2	774	3	GGA	GGG	G	G	0.99999	0.99999	0.99426603	Node17	NO1747_A	1
C[G>A]G	2	1005	3	CCG	CCA	P	P	1.0	1.0	0.994276	Node17	NO1747_A	1
A[A>G]A	1	237	3	GAA	GAG	E	E	0.99995	0.99995	0.9942263	Node17	Node18	1
T[G>A]C	1	150	3	ATG	ATA	M	M	0.01075	0.01075	0.010719007	Node85	BB1876_A	1
T[A>G]A	2	606	3	GTA	GTG	V	V	0.99704	0.99704	0.9941654	Node85	BB1876_A	1
T[A>G]T	1	651	3	TTA	TTG	L	L	0.99727	0.99727	0.9943948	Node85	BB1876_A	1
C[G>A]T	2	966	3	GCG	GCA	A	A	0.01092	0.01092	0.010888517	Node85	BB1876_A	1
T[G>A]C	1	150	3	ATG	ATA	M	M	0.01075	0.01075	0.010719007	Node85	IR2025_A	1
C[A>G]T	2	966	3	GCA	GCG	A	A	0.98908	0.98908	0.9862284	Node85	IR2025_A	1
T[T>C]A	2	351	3	CTT	CTC	L	L	0.99808	0.9980301	0.9922899	Node95	Node96	1
A[C>T]T	1	259	1	CTA	TTA	L	L	1.0	1.0	0.99424845	Node95	GU0520_A	1
T[T>A]A	2	351	3	CTT	CTA	L	L	0.99808	0.99808	0.9923395	Node95	GU0520_A	1
T[A>G]C	2	972	3	CTA	CTG	L	L	0.99999	0.99999	0.9942385	Node95	GU0520_A	1
G[G>A]G	2	204	3	CGG	CGA	R	R	0.99999	0.99999	0.9999833	Node101	SN0257_A	1
A[A>G]A	1	237	3	GAA	GAG	E	E	1.0	1.0	0.9999933	Node101	SN0257_A	1
T[T>C]A	1	864	3	ATT	ATC	I	I	1.0	1.0	0.9999933	Node101	SN0257_A	1
T[G>A]G	1	384	3	TTG	TTA	L	L	0.99995	0.99995	0.99706894	Node105	CN0411_A	1
A[T>C]G	1	189	3	TAT	TAC	Y	Y	1.0	1.0	0.99711883	Node105	IR2010_A	1
A[A>G]C	1	840	3	CAA	CAG	Q	Q	0.99999	0.99999	0.9971088	Node105	IR2010_A	1
T[A>G]T	2	210	3	CTA	CTG	L	L	0.01152	0.01152	0.011454135	Node128	GU0509_A	1
T[G>A]T	1	354	3	ATG	ATA	M	M	0.01834	0.01834	0.018235143	Node128	GU0509_A	1
T[C>T]G	2	414	3	GTC	GTT	V	V	0.99788	0.99788	0.9921746	Node128	GU0509_A	1
C[G>A]C	2	627	3	TCG	TCA	S	S	0.04694	0.04694	0.04667162	Node128	GU0509_A	1
T[A>G]T	1	636	3	TTA	TTG	L	L	0.01131	0.01131	0.011245335	Node128	GU0509_A	1
G[G>A]T	1	720	3	TGG	TGA	W	W	0.9905	0.9905	0.9848368	Node128	GU0509_A	1
G[A>G]G	2	774	3	GGA	GGG	G	G	0.99222	0.99222	0.986547	Node128	GU0509_A	1
T[G>A]T	2	210	3	CTG	CTA	L	L	0.98848	0.98848	0.9828284	Node128	GL2139_A	1
T[G>A]T	1	354	3	ATG	ATA	M	M	0.01834	0.01834	0.018235143	Node128	GL2139_A	1
C[A>G]C	2	627	3	TCA	TCG	S	S	0.95306	0.95306	0.9476109	Node128	GL2139_A	1
T[A>G]T	1	636	3	TTA	TTG	L	L	0.01131	0.01131	0.011245335	Node128	GL2139_A	1
T[G>A]C	1	609	3	ATG	ATA	M	M	0.99992	0.99992	0.9970584	Node144	GU0510_A	1
C[T>C]C	2	201	3	GCT	GCC	A	A	1.0	1.0	0.9971384	Node148	IR2014_A	1
T[G>A]C	2	612	3	CTG	CTA	L	L	0.99996	0.99996	0.9970985	Node148	IR2014_A	1
C[G>A]A	2	759	3	CCG	CCA	P	P	0.99998	0.99998	0.9971184	Node148	IR2014_A	1
C[G>A]G	2	531	3	GCG	GCA	A	A	0.99999	0.99999	0.99997896	Node151	TN2524_A	1
T[A>G]G	1	1020	3	TTA	TTG	L	L	0.99999	0.99999	0.99997896	Node151	TN2524_A	1
T[C>T]C	1	756	3	ATC	ATT	I	I	0.99999	0.99999	0.99998224	Node155	IR2052_A	1
T[A>T]C	2	258	3	GTA	GTT	V	V	1.0	0.99926	0.9963903	Node159	Node170	1
C[A>G]A	2	156	3	GCA	GCG	A	A	1.0	0.01237	0.01233453	Node179	Node180	1
T[A>G]C	2	258	3	GTA	GTG	V	V	1.0	0.0115	0.011467025	Node179	Node180	1
T[C>G]C	2	747	3	CTC	CTG	L	L	1.0	0.9931	0.9902524	Node179	Node180	1
T[A>G]G	2	801	3	CTA	CTG	L	L	1.0	0.01145	0.011417168	Node179	Node180	1
G[G>A]T	2	750	3	CGG	CGA	R	R	0.99999	0.99999	0.9971226	Node179	CN0409_A	1
A[T>C]A	1	582	3	TAT	TAC	Y	Y	0.99999	0.99998	0.99997246	Node259	Node260	1
C[T>C]G	2	336	3	ACT	ACC	T	T	1.0	1.0	0.9999925	Node273	SN0280_A	1
A[C>T]G	1	507	3	CAC	CAT	H	H	1.0	1.0	0.9999925	Node273	SN0280_A	1
C[T>C]A	2	681	3	GCT	GCC	A	A	1.0	1.0	0.9971231	Node276	Node279	1
A[C>T]T	1	619	1	CTA	TTA	L	L	1.0	1.0	0.9942061	Node210	ML0073_A	1
G[A>G]T	2	1014	3	GGA	GGG	G	G	0.99998	0.99998	0.99418616	Node210	ML0073_A	1
T[A>G]G	2	255	3	GTA	GTG	V	V	0.99997	0.99997	0.99417627	Node210	IR2045_A	1
T[A>G]C	2	972	3	CTA	CTG	L	L	0.99998	0.99998	0.99418616	Node210	IR2045_A	1
T[C>G]T	2	975	3	CTC	CTG	L	L	1.0	1.0	0.99711204	Node211	GN1600_A	1
T[C>G]C	2	747	3	CTC	CTG	L	L	1.0	1.0	0.99711204	Node211	GN1603_A	1
T[G>A]C	1	825	3	TTG	TTA	L	L	1.0	0.99999	0.9970946	Node215	Node217	1
G[G>A]G	2	204	3	CGG	CGA	R	R	0.99998	0.99992996	0.9941731	Node23	Node24	1
C[T>C]A	2	645	3	CCT	CCC	P	P	1.0	0.99406	0.9883369	Node23	Node31	1
A[C>T]G	1	297	3	TAC	TAT	Y	Y	0.99999	0.99999	0.9971007	Node32	Node33	1
T[C>T]G	1	600	3	TTC	TTT	F	F	1.0	0.98836	0.9855043	Node32	Node82	1
C[G>A]G	2	531	3	GCG	GCA	A	A	0.99999	0.99999	0.9913692	Node87	PN0146_A	1
C[T>C]T	2	579	3	TCT	TCC	S	S	0.99999	0.99999	0.9913692	Node87	PN0146_A	1
C[T>C]T	1	823	1	TTG	CTG	L	L	1.0	1.0	0.99137914	Node87	PN0146_A	1
T[T>C]G	1	198	3	ATT	ATC	I	I	0.99999	0.99999	0.9913692	Node87	NM1213_A	1
T[A>G]C	2	300	3	GTA	GTG	V	V	0.99998	0.99998	0.9913593	Node87	NM1213_A	1
T[A>G]C	2	777	3	GTA	GTG	V	V	0.99996	0.99996	0.9913395	Node87	NM1213_A	1
C[T>C]T	2	366	3	CCT	CCC	P	P	1.0	1.0	0.99130577	Node88	CN0393_A	1
A[C>T]C	1	492	3	CAC	CAT	H	H	1.0	1.0	0.99130577	Node88	CN0393_A	1
C[G>C]A	2	759	3	CCG	CCC	P	P	1.0	1.0	0.99130577	Node88	CN0393_A	1
T[C>T]G	1	918	3	ATC	ATT	I	I	1.0	1.0	0.99130577	Node88	CN0393_A	1
G[A>G]G	1	309	3	TGA	TGG	W	W	1.0	0.02825	0.028004387	Node88	Node89	1
T[G>A]G	1	384	3	TTG	TTA	L	L	0.99994	0.98406094	0.9755053	Node88	Node89	1
T[C>T]C	1	459	3	TTC	TTT	F	F	0.99998	0.99592006	0.9872613	Node88	Node89	1
T[G>A]G	2	372	3	GTG	GTA	V	V	1.0	1.0	0.9942302	Node94	PN0131_A	1
T[G>A]G	1	384	3	TTG	TTA	L	L	0.99999	0.99999	0.99422026	Node94	PN0131_A	1
G[T>C]G	2	477	3	GGT	GGC	G	G	1.0	1.0	0.9942302	Node94	PN0131_A	1
T[T>C]T	1	792	3	TTT	TTC	F	F	1.0	1.0	0.9942302	Node94	PN0131_A	1
T[C>T]G	2	933	3	GTC	GTT	V	V	1.0	1.0	0.9942302	Node94	PN0131_A	1
A[C>T]G	1	297	3	TAC	TAT	Y	Y	0.99998	0.99998	0.9942103	Node94	GU0518_A	1
T[C>T]T	1	301	1	CTA	TTA	L	L	0.99999	0.99999	0.99422026	Node94	GU0518_A	1
T[T>A]A	2	273	3	GTT	GTA	V	V	1.0	1.0	0.99710846	Node96	TN2532_A	1
T[A>G]C	2	777	3	GTA	GTG	V	V	0.99982	0.99982	0.996929	Node96	TN2532_A	1
A[A>G]T	1	381	3	GAA	GAG	E	E	0.99999	0.99999	0.9971086	Node115	Node116	1
A[C>T]A	1	828	3	CAC	CAT	H	H	1.0	1.0	0.9971186	Node115	Node116	1
C[T>C]C	2	1002	3	GCT	GCC	A	A	0.99999	0.99999	0.9971086	Node115	SN0263_A	1
G[G>A]T	2	294	3	GGG	GGA	G	G	0.99999	0.99999	0.9971371	Node120	ML0083_A	1
T[A>G]G	2	768	3	CTA	CTG	L	L	0.99998	0.99998	0.9971272	Node120	ML0101_A	1
T[A>G]C	1	63	3	ATA	ATG	M	M	0.99998	0.99998	0.991321	Node124	GN1609_A	1
G[G>A]G	2	204	3	CGG	CGA	R	R	0.99997	0.99997	0.99131113	Node124	GN1609_A	1
T[A>G]G	2	255	3	GTA	GTG	V	V	0.99996	0.99996	0.99130124	Node124	GN1609_A	1
T[A>G]A	2	123	3	GTA	GTG	V	V	0.99999	0.99999	0.9913309	Node124	AD0960_A	1
T[G>A]G	1	384	3	TTG	TTA	L	L	0.99999	0.99999	0.9913309	Node124	AD0960_A	1
G[G>A]T	2	597	3	GGG	GGA	G	G	1.0	1.0	0.9913409	Node124	AD0960_A	1
T[C>A]G	2	933	3	GTC	GTA	V	V	1.0	1.0	0.9913409	Node124	AD0960_A	1
T[A>G]A	2	1035	3	CTA	CTG	L	L	0.99999	0.99999	0.9913309	Node124	AD0960_A	1
C[A>G]C	2	699	3	CCA	CCG	P	P	0.99995	0.99995	0.99709433	Node136	PS1273_A	1
T[G>A]G	1	384	3	TTG	TTA	L	L	0.99999	0.99999	0.9971342	Node136	PS1279_A	1
C[G>A]G	2	531	3	GCG	GCA	A	A	1.0	1.0	0.9971442	Node136	PS1279_A	1
C[C>T]A	2	861	3	CCC	CCT	P	P	1.0	1.0	0.9971442	Node136	PS1279_A	1
G[A>G]G	1	327	3	TGA	TGG	W	W	0.99993	0.99993	0.997063	Node142	CN0399_A	1
C[C>T]T	2	306	3	CCC	CCT	P	P	1.0	1.0	0.9971328	Node142	GU0501_A	1
T[G>A]G	1	384	3	TTG	TTA	L	L	0.99999	0.99999	0.99712276	Node142	GU0501_A	1
C[G>A]A	2	423	3	GCG	GCA	A	A	1.0	1.0	0.9971328	Node142	GU0501_A	1
C[A>G]C	2	627	3	TCA	TCG	S	S	0.99999	0.99999	0.99712276	Node142	GU0501_A	1
T[A>G]T	2	789	3	CTA	CTG	L	L	0.99999	0.99999	0.99712276	Node142	GU0501_A	1
T[T>C]A	2	351	3	CTT	CTC	L	L	0.99999	0.99999	0.9942528	Node145	PS1281_A	1
G[G>A]C	2	534	3	GGG	GGA	G	G	0.99999	0.99999	0.9942528	Node145	PS1281_A	1
G[G>A]T	1	720	3	TGG	TGA	W	W	0.99995	0.99995	0.99421304	Node145	PS1281_A	1
A[C>T]G	1	297	3	TAC	TAT	Y	Y	0.99998	0.99998	0.99424285	Node145	GU0503_A	1
C[A>G]T	2	570	3	CCA	CCG	P	P	0.9999	0.9999	0.99416333	Node145	GU0503_A	1
A[T>C]T	1	652	1	TTA	CTA	L	L	0.99998	0.99998	0.9971257	Node149	PS1270_A	1
A[T>C]T	1	126	3	AAT	AAC	N	N	0.99999	0.99999	0.99713564	Node149	AN1166_A	1
A[G>A]T	1	717	3	GAG	GAA	E	E	0.99999	0.99998	0.997115	Node160	Node161	1
A[C>T]C	1	567	3	CAC	CAT	H	H	1.0	1.0	0.997135	Node160	TN2542_A	1
T[G>A]A	1	276	3	ATG	ATA	M	M	0.9966	0.9966	0.99084526	Node170	Node171	1
C[T>C]G	2	357	3	TCT	TCC	S	S	0.99807	0.99807	0.9923068	Node170	Node171	1
T[G>A]C	0	190	1	GCA	ACA	A	T	0.99716	0.99716	0.9914021	Node170	GN1598_A	1
T[C>T]A	2	900	3	GTC	GTT	V	V	0.9984	0.9984	0.9926349	Node170	GN1598_A	1
A[C>T]A	1	522	3	AAC	AAT	N	N	1.0	1.0	0.99424684	Node175	GN1592_A	1
G[T>C]G	2	771	3	GGT	GGC	G	G	1.0	1.0	0.99424684	Node175	GN1592_A	1
C[A>G]A	2	156	3	GCA	GCG	A	A	0.98763	0.98763	0.97919625	Node180	CN0391_A	1
T[A>G]C	2	258	3	GTA	GTG	V	V	0.9885	0.9885	0.98005885	Node180	CN0391_A	1
T[A>G]G	2	801	3	CTA	CTG	L	L	0.98855	0.98855	0.9801084	Node180	CN0391_A	1
C[G>A]A	2	156	3	GCG	GCA	A	A	0.01237	0.01237	0.012264367	Node180	IR2050_A	1
T[G>A]C	2	258	3	GTG	GTA	V	V	0.0115	0.0115	0.011401797	Node180	IR2050_A	1
T[G>A]A	1	279	3	ATG	ATA	M	M	0.99815	0.99815	0.9896264	Node180	IR2050_A	1
C[A>G]A	2	333	3	GCA	GCG	A	A	0.99747	0.99747	0.9889522	Node180	IR2050_A	1
T[G>A]T	1	354	3	ATG	ATA	M	M	0.99791	0.99791	0.98938847	Node180	IR2050_A	1
G[A>G]A	1	393	3	TGA	TGG	W	W	0.99747	0.99747	0.9889522	Node180	IR2050_A	1
G[A>G]G	2	402	3	GGA	GGG	G	G	0.9953	0.9953	0.98680073	Node180	IR2050_A	1
G[G>A]T	2	516	3	GGG	GGA	G	G	0.99792	0.99792	0.98939836	Node180	IR2050_A	1
T[G>A]G	2	801	3	CTG	CTA	L	L	0.01145	0.01145	0.011352224	Node180	IR2050_A	1
T[T>C]C	1	798	3	ATT	ATC	I	I	0.99999	0.99999	0.99996537	Node260	SN0281_A	1
T[A>G]C	2	996	3	GTA	GTG	V	V	0.99998	0.99998	0.99711144	Node277	PS1267_A	1
T[C>T]C	1	459	3	TTC	TTT	F	F	0.99999	0.99996	0.99709153	Node277	Node278	1
T[T>C]T	1	792	3	TTT	TTC	F	F	1.0	0.99999	0.9971223	Node282	Node283	1
G[A>G]G	1	309	3	TGA	TGG	W	W	0.99999	0.99999	0.9971223	Node282	GU0505_A	1
T[C>T]A	2	339	3	GTC	GTT	V	V	1.0	1.0	0.9971371	Node284	ML0095_A	1
C[A>G]C	2	627	3	TCA	TCG	S	S	0.99996	0.99996	0.99709725	Node284	GN1593_A	1
T[A>G]G	1	654	3	TTA	TTG	L	L	0.99998	0.99998	0.9970903	Node214	ML0097_A	1
T[A>G]A	2	123	3	GTA	GTG	V	V	0.99999	0.99999	0.99710023	Node214	GU0504_A	1
G[G>A]T	2	516	3	GGG	GGA	G	G	1.0	1.0	0.99711025	Node214	GU0504_A	1
C[A>G]T	2	633	3	GCA	GCG	A	A	1.0	1.0	0.99711025	Node216	MO0004_A	1
G[A>G]G	2	774	3	GGA	GGG	G	G	1.0	1.0	0.99711025	Node216	MO0004_A	1
G[A>G]G	2	843	3	CGA	CGG	R	R	1.0	1.0	0.99711025	Node216	MO0004_A	1
C[A>G]G	2	474	3	GCA	GCG	A	A	0.99997	0.99997	0.9970803	Node216	IR2018_A	1
A[G>A]C	1	711	3	AAG	AAA	K	K	0.99999	0.99999	0.99998343	Node217	IR2020_A	1
C[C>T]C	2	783	3	GCC	GCT	A	A	1.0	1.0	0.9971447	Node19	BB1866_A	1
T[C>A]T	2	975	3	CTC	CTA	L	L	1.0	1.0	0.9971447	Node19	BB1866_A	1
T[A>G]G	2	801	3	CTA	CTG	L	L	0.99997	0.99997	0.9971148	Node19	AN1169_A	1
C[T>C]A	2	519	3	TCT	TCC	S	S	1.0	1.0	0.9971426	Node20	Node21	1
G[G>A]T	1	720	3	TGG	TGA	W	W	0.99999	0.99996996	0.99711263	Node20	Node21	1
C[T>C]T	2	579	3	TCT	TCC	S	S	0.99998	0.99998	0.99712265	Node20	TN2528_A	1
T[A>G]G	1	270	3	TTA	TTG	L	L	0.99999	0.99999	0.9971025	Node24	GN1604_A	1
T[G>A]G	1	384	3	TTG	TTA	L	L	0.99999	0.99999	0.9971025	Node24	GN1604_A	1
A[C>T]T	1	301	1	CTA	TTA	L	L	0.99841	0.99841	0.992682	Node31	GN1607_A	1
T[C>T]C	1	990	3	TTC	TTT	F	F	0.99863	0.99863	0.9929007	Node31	GN1607_A	1
C[A>G]G	2	360	3	GCA	GCG	A	A	0.99494	0.99494	0.9892319	Node31	GN1608_A	1
A[A>G]A	1	555	3	AAA	AAG	K	K	0.99494	0.99494	0.9892319	Node31	GN1608_A	1
T[A>G]G	2	255	3	GTA	GTG	V	V	0.99388	0.99388	0.98810965	Node82	SN0258_A	1
G[C>A]T	2	405	3	GGC	GGA	G	G	0.9999	0.9999	0.9940947	Node82	SN0258_A	1
G[G>A]T	2	597	3	GGG	GGA	G	G	0.99761	0.99761	0.991818	Node82	SN0258_A	1
T[C>T]G	1	600	3	TTC	TTT	F	F	0.01164	0.01164	0.01157242	Node82	SN0258_A	1
T[G>A]G	2	102	3	GTG	GTA	V	V	0.99577	0.99577	0.9899887	Node82	TN2516_A	1
T[C>T]G	1	600	3	TTC	TTT	F	F	0.01164	0.01164	0.01157242	Node82	TN2516_A	1
T[T>A]G	2	888	3	CTT	CTA	L	L	0.99966	0.99966	0.99385613	Node82	TN2516_A	1
G[A>G]G	1	309	3	TGA	TGG	W	W	0.97175	0.97175	0.9689512	Node89	GU0507_A	1
T[G>A]G	1	384	3	TTG	TTA	L	L	0.01588	0.01588	0.015834263	Node89	GU0507_A	1
A[C>T]G	1	129	3	TAC	TAT	Y	Y	0.99863	0.99863	0.99575377	Node89	GN1601_A	1
T[A>G]G	2	255	3	GTA	GTG	V	V	0.99088	0.99088	0.98802614	Node89	GN1601_A	1
G[G>A]G	1	309	3	TGG	TGA	W	W	0.02825	0.02825	0.028168635	Node89	GN1601_A	1
T[G>A]G	1	384	3	TTG	TTA	L	L	0.01588	0.01588	0.015834263	Node89	GN1601_A	1
C[A>G]T	2	168	3	TCA	TCG	S	S	0.99997	0.99997	0.99708545	Node97	PN0144_A	1
C[T>C]A	2	483	3	ACT	ACC	T	T	1.0	1.0	0.9971154	Node97	PN0144_A	1
A[T>C]T	1	1018	1	TTA	CTA	L	L	0.99999	0.99999	0.99710536	Node97	PN0144_A	1
G[G>A]G	2	204	3	CGG	CGA	R	R	0.99957	0.99954003	0.9966567	Node97	Node98	1
C[A>G]C	2	618	3	GCA	GCG	A	A	0.99998	0.99565005	0.9927779	Node112	Node113	1
C[G>A]G	2	1005	3	CCG	CCA	P	P	0.99999	0.99999	0.99710524	Node112	SN0274_A	1
A[T>C]A	1	147	3	AAT	AAC	N	N	0.99999	0.99999	0.9999831	Node116	GL2150_A	1
T[C>T]A	1	177	3	TTC	TTT	F	F	1.0	1.0	0.997133	Node139	Node140	1
G[A>G]A	1	243	3	TGA	TGG	W	W	0.99999	0.99999	0.997123	Node139	Node140	1
T[T>C]T	1	987	3	ATT	ATC	I	I	1.0	1.0	0.997133	Node139	Node140	1
C[A>G]T	2	168	3	TCA	TCG	S	S	0.99995	0.99995	0.9970831	Node139	AN1164_A	1
C[G>A]A	2	423	3	GCG	GCA	A	A	0.99999	0.99999	0.9971167	Node161	GU0516_A	1
A[A>G]A	1	36	3	CAA	CAG	Q	Q	0.99999	0.99999	0.9913385	Node176	ML0094_A	1
T[A>G]G	2	255	3	GTA	GTG	V	V	0.99998	0.99998	0.9913286	Node176	ML0094_A	1
T[G>A]T	1	456	3	TTG	TTA	L	L	0.99999	0.99999	0.9913385	Node176	ML0094_A	1
T[C>T]C	2	387	3	GTC	GTT	V	V	1.0	1.0	0.99134845	Node176	SA1205_A	1
T[T>C]A	1	849	3	ATT	ATC	I	I	1.0	1.0	0.99134845	Node176	SA1205_A	1
T[C>G]G	2	933	3	GTC	GTG	V	V	1.0	1.0	0.99134845	Node176	SA1205_A	1
C[A>G]A	2	156	3	GCA	GCG	A	A	1.0	1.0	0.9999927	Node278	TN2541_A	1
T[C>T]G	1	600	3	TTC	TTT	F	F	1.0	1.0	0.9999927	Node278	TN2541_A	1
T[C>T]C	1	756	3	ATC	ATT	I	I	1.0	1.0	0.9999927	Node278	TN2541_A	1
T[C>T]C	1	756	3	ATC	ATT	I	I	0.99998	0.99998	0.99710864	Node280	ML0069_A	1
T[C>T]C	1	459	3	TTC	TTT	F	F	1.0	1.0	0.9971286	Node280	GL2122_A	1
C[A>G]T	2	633	3	GCA	GCG	A	A	0.99999	0.99999	0.9971186	Node280	GL2122_A	1
T[T>C]G	2	690	3	CTT	CTC	L	L	1.0	1.0	0.9971286	Node280	GL2122_A	1
T[C>G]C	0	141	3	ATC	ATG	I	M	1.0	1.0	0.9999931	Node283	PS1268_A	1
T[C>T]A	1	177	3	TTC	TTT	F	F	1.0	1.0	0.9999931	Node283	PS1268_A	1
C[A>G]G	2	603	3	GCA	GCG	A	A	0.99997	0.99997	0.9999621	Node21	ML0068_A	1
T[G>A]T	2	210	3	CTG	CTA	L	L	0.99997	0.99994004	0.9970421	Node34	Node35	1
G[G>A]G	2	330	3	GGG	GGA	G	G	1.0	1.0	0.9971019	Node34	PS1282_A	1
A[A>G]T	1	390	3	CAA	CAG	Q	Q	0.99999	0.99999	0.9970919	Node34	PS1282_A	1
G[A>G]G	2	657	3	GGA	GGG	G	G	0.99999	0.99999	0.9970919	Node34	PS1282_A	1
T[C>T]A	2	468	3	GTC	GTT	V	V	1.0	1.0	0.99998367	Node98	ML0088_A	1
T[T>C]G	2	891	3	GTT	GTC	V	V	0.99839	0.99838	0.99549603	Node113	Node114	1
T[G>C]G	2	372	3	GTG	GTC	V	V	0.99982	0.99982	0.99693185	Node113	CN0400_A	1
T[G>A]C	1	609	3	ATG	ATA	M	M	0.99998	0.99998	0.99996513	Node140	AN1177_A	1
A[A>G]T	1	390	3	CAA	CAG	Q	Q	0.99994	0.99994	0.997074	Node154	PS1291_A	1
A[C>T]A	1	231	3	TAC	TAT	Y	Y	1.0	1.0	0.99713385	Node154	NM1237_A	1
T[A>T]C	2	303	3	CTA	CTT	L	L	1.0	1.0	0.99713385	Node154	NM1237_A	1
A[C>T]T	1	997	1	CTA	TTA	L	L	1.0	1.0	0.99713385	Node154	NM1237_A	1
A[G>A]C	1	711	3	AAG	AAA	K	K	1.0	1.0	0.9971268	Node162	MO0025_A	1
T[G>A]A	1	279	3	ATG	ATA	M	M	1.0	1.0	0.99710876	Node270	SN0264_A	1
T[T>A]A	2	138	3	CTT	CTA	L	L	1.0	0.99979	0.99691504	Node26	Node27	1
T[T>C]T	1	174	3	TTT	TTC	F	F	1.0	0.99854	0.9956686	Node26	Node27	1
G[G>A]G	2	330	3	GGG	GGA	G	G	1.0	0.0211	0.021039326	Node26	Node27	1
T[T>C]A	2	429	3	CTT	CTC	L	L	0.99999	0.99999	0.9971144	Node26	CN0407_A	1
G[G>A]T	2	132	3	GGG	GGA	G	G	0.99999	0.99999	0.99422044	Node30	AN1158_A	1
T[G>A]T	1	354	3	ATG	ATA	M	M	0.99999	0.99999	0.99422044	Node30	AN1158_A	1
C[C>T]C	2	885	3	ACC	ACT	T	T	1.0	1.0	0.9942304	Node30	AN1158_A	1
T[T>C]A	2	480	3	GTT	GTC	V	V	0.99999	0.99999	0.99422044	Node30	IR2028_A	1
A[A>G]G	1	960	3	CAA	CAG	Q	Q	0.99998	0.99998	0.9942105	Node30	IR2028_A	1
T[G>A]T	1	354	3	ATG	ATA	M	M	0.99999	0.99999	0.9999604	Node35	PS1269_A	1
T[A>T]A	2	606	3	GTA	GTT	V	V	1.0	1.0	0.99997044	Node35	PS1269_A	1
T[T>C]T	1	987	3	ATT	ATC	I	I	1.0	1.0	0.9971349	Node75	NM1236_A	1
T[T>C]A	2	273	3	GTT	GTC	V	V	1.0	1.0	0.99999315	Node114	BB1855_A	1
C[G>A]C	2	618	3	GCG	GCA	A	A	0.99922	0.99922	0.99921316	Node114	BB1855_A	1
T[G>A]C	1	150	3	ATG	ATA	M	M	0.99999	0.99999	0.99710876	Node163	Node164	1
A[G>A]T	1	870	3	CAG	CAA	Q	Q	0.99999	0.99429005	0.9914253	Node163	Node169	1
T[A>G]T	1	636	3	TTA	TTG	L	L	0.99997	0.99997	0.9970852	Node271	SN0278_A	1
T[G>A]C	1	150	3	ATG	ATA	M	M	1.0	1.0	0.99711514	Node271	IR2034_A	1
C[A>G]A	2	156	3	GCA	GCG	A	A	0.99999	0.99999	0.9971051	Node271	IR2034_A	1
G[G>A]G	2	330	3	GGG	GGA	G	G	0.9789	0.97878253	0.97599095	Node27	Node28	1
G[A>G]A	2	144	3	CGA	CGG	R	R	0.99459	0.99459	0.99175334	Node27	SA1194_A	1
T[T>C]T	1	186	3	ATT	ATC	I	I	0.99841	0.99841	0.99556243	Node27	SA1194_A	1
G[A>G]G	2	330	3	GGA	GGG	G	G	0.0211	0.0211	0.021039821	Node27	SA1194_A	1
G[G>A]T	2	750	3	CGG	CGA	R	R	1.0	1.0	0.99997866	Node36	ML0099_A	1
T[G>A]C	2	612	3	CTG	CTA	L	L	0.99954	0.99954	0.99376816	Node76	PS1295_A	1
T[G>A]G	1	810	3	ATG	ATA	M	M	0.99999	0.99999	0.99421555	Node76	PS1295_A	1
G[A>G]G	2	402	3	GGA	GGG	G	G	1.0	0.03946	0.03923214	Node76	Node77	1
T[G>C]C	2	612	3	CTG	CTC	L	L	0.99954	0.99883026	0.9930625	Node76	Node77	1
T[C>T]A	1	903	3	ATC	ATT	I	I	1.0	0.99813	0.9923663	Node76	Node77	1
T[T>C]C	2	264	3	CTT	CTC	L	L	0.99811	0.99811	0.9952242	Node169	ML0090_A	1
A[C>T]G	1	216	3	TAC	TAT	Y	Y	0.99855	0.99855	0.99566287	Node169	GU0508_A	1
G[G>A]T	2	132	3	GGG	GGA	G	G	1.0	1.0	0.9999838	Node28	EC1472_A	1
A[A>G]A	1	510	3	GAA	GAG	E	E	1.0	1.0	0.9999838	Node28	EC1472_A	1
G[G>A]T	2	516	3	GGG	GGA	G	G	1.0	1.0	0.9999838	Node28	EC1472_A	1
G[G>A]T	1	720	3	TGG	TGA	W	W	1.0	1.0	0.9999838	Node28	EC1472_A	1
T[A>G]T	2	789	3	CTA	CTG	L	L	0.99999	0.99999	0.9999738	Node28	EC1472_A	1
G[A>G]G	2	402	3	GGA	GGG	G	G	0.96054	0.96054	0.95786035	Node77	IR2016_A	1
T[G>A]T	1	318	3	ATG	ATA	M	M	0.99729	0.99729	0.99450785	Node77	IR2017_A	1
G[G>A]G	2	402	3	GGG	GGA	G	G	0.03946	0.03946	0.039349917	Node77	IR2017_A	1
T[C>A]T	2	591	3	CTC	CTA	L	L	0.99982	0.99982	0.99703074	Node77	IR2017_A	1
T[C>T]G	1	249	3	ATC	ATT	I	I	1.0	1.0	0.9971339	Node80	ML0082_A	1
C[C>T]T	2	321	3	TCC	TCT	S	S	1.0	1.0	0.9971339	Node80	CN0401_A	1
T[G>A]A	1	279	3	ATG	ATA	M	M	1.0	1.0	0.9971376	Node81	CN0402_A	1
T[G>A]G	1	384	3	TTG	TTA	L	L	0.99999	0.99999	0.9971276	Node81	CN0402_A	1
T[A>G]A	2	123	3	GTA	GTG	V	V	0.99997	0.99997	0.9971077	Node81	GN1605_A	1
A[C>T]T	1	648	3	AAC	AAT	N	N	1.0	1.0	0.9999921	Node269	AN1178_A	1
C[A>G]G	2	528	3	CCA	CCG	P	P	1.0	1.0	0.9999921	Node29	CN0390_A	1
T[A>G]G	1	270	3	TTA	TTG	L	L	0.99998	0.99998	0.9970951	Node267	CN0410_A	1
T[T>C]T	1	408	3	TTT	TTC	F	F	1.0	1.0	0.9971151	Node267	SN0276_A	1
C[A>G]T	2	966	3	GCA	GCG	A	A	0.99996	0.99996	0.997075	Node268	SN0268_A	1
T[G>A]T	2	210	3	CTG	CTA	L	L	1.0	1.0	0.9971149	Node268	GN1602_A	1
C[C>T]C	2	642	3	TCC	TCT	S	S	1.0	1.0	0.9971149	Node268	GN1602_A	1
G[T>C]G	0	1007	2	GTG	GCG	V	A	1.0	1.0	0.9971149	Node268	GN1602_A	1
G[G>C]T	2	132	3	GGG	GGC	G	G	1.0	0.99969	0.99392945	Node167	Node168	1
T[G>A]G	1	384	3	TTG	TTA	L	L	1.0	0.01066	0.010598574	Node167	Node168	1
G[T>C]T	0	479	2	GTT	GCT	V	A	1.0	1.0	0.99423766	Node167	SN0270_A	1
C[A>G]G	2	678	3	CCA	CCG	P	P	0.99998	0.99998	0.99421775	Node167	SN0270_A	1
T[G>A]G	1	384	3	TTG	TTA	L	L	0.98934	0.98934	0.9864981	Node168	ML0084_A	1
T[A>G]G	1	384	3	TTA	TTG	L	L	0.01066	0.01066	0.010629379	Node168	GU0519_A	1
C[T>C]A	2	519	3	TCT	TCC	S	S	0.9981	0.9981	0.99523294	Node168	GU0519_A	1
G[A>G]G	1	327	3	TGA	TGG	W	W	0.99998	0.99998	0.99711156	Node54	BB1872_A	1
A[A>G]T	1	381	3	GAA	GAG	E	E	0.99998	0.99998	0.99711156	Node54	IR2047_A	1
